<PAMDataset>
  <Metadata>
    <MDI key="DataType">Thematic</MDI>
  </Metadata>
  <Metadata domain="Esri">
    <MDI key="PyramidResamplingType">NEAREST</MDI>
  </Metadata>
  <PAMRasterBand band="1">
    <Description>p�rnu_2007</Description>
    <NoDataValue>2.55000000000000E+002</NoDataValue>
    <ColorInterp>Palette</ColorInterp>
    <ColorTable>
      <Entry c1="0" c2="0" c3="0" c4="255" />
    </ColorTable>
    <Metadata>
      <MDI key="RepresentationType">THEMATIC</MDI>
    </Metadata>
  </PAMRasterBand>
</PAMDataset>
